{
  "project_info": {
    "project_number": "1026747131497",
    "firebase_url": "https://fir-demo-d927e.firebaseio.com",
    "project_id": "fir-demo-d927e",
    "storage_bucket": "fir-demo-d927e.appspot.com"
  },
  "client": [
    {
      "client_info": {
        "mobilesdk_app_id": "1:1026747131497:android:a40ed6eb08e920be",
        "android_client_info": {
          "package_name": "com.example.firebasedemo"
        }
      },
      "oauth_client": [
        {
          "client_id": "1026747131497-d6puhr3gig99b2ahdhefmlguksrj39rf.apps.googleusercontent.com",
          "client_type": 1,
          "android_info": {
            "package_name": "com.example.firebasedemo",
            "certificate_hash": "5a18a9fe205946f621189a6d6985cde5c5d3ae7a"
          }
        },
        {
          "client_id": "1026747131497-83spslql9pt747kuj8kamvqtepms0dcd.apps.googleusercontent.com",
          "client_type": 3
        }
      ],
      "api_key": [
        {
          "current_key": "AIzaSyDeLtAjN4F31QrJ01V9hB3Zel5iT-adbyM"
        }
      ],
      "services": {
        "appinvite_service": {
          "other_platform_oauth_client": [
            {
              "client_id": "1026747131497-83spslql9pt747kuj8kamvqtepms0dcd.apps.googleusercontent.com",
              "client_type": 3
            }
          ]
        }
      }
    }
  ],
  "configuration_version": "1"
}